character_name,equipment_set,wins,losses,winrate,is_boss
Air,1987,37,44,45.67901234567901,False
Air,7891,40,50,44.44444444444444,False
Air,Arasaka,28,43,39.436619718309856,False
Air,Bamboo,31,42,42.465753424657535,False
Air,Cloud,38,44,46.34146341463415,False
Air,Cosmic,19,40,32.20338983050847,False
Air,Dawn,27,49,35.526315789473685,False
Air,Flute,38,48,44.18604651162791,False
Air,Freight,27,48,36.0,False
Air,Grassland,32,33,49.23076923076923,False
Air,KangTao,29,36,44.61538461538462,False
Air,Liquidation,32,48,40.0,False
Air,Militech,27,39,40.909090909090914,False
Air,NUSA,27,36,42.857142857142854,False
Air,Newspaper,23,35,39.6551724137931,False
Air,OldRusty,26,42,38.23529411764706,False
Air,Purplestar,39,35,52.702702702702695,False
Air,Rainbow,32,37,46.3768115942029,False
Air,Rose,24,40,37.5,False
Air,Runic,37,35,51.388888888888886,False
Air,Snowflake,32,39,45.07042253521127,False
Air,Sovereign,32,31,50.79365079365079,False
April,1987,31,42,42.465753424657535,False
April,7891,49,36,57.647058823529406,False
April,Arasaka,42,50,45.65217391304348,False
April,Bamboo,40,39,50.63291139240506,False
April,Cloud,40,49,44.9438202247191,False
April,Cosmic,22,38,36.666666666666664,False
April,Dawn,46,44,51.11111111111111,False
April,Flute,40,29,57.971014492753625,False
April,Freight,32,35,47.76119402985074,False
April,Grassland,39,39,50.0,False
April,KangTao,36,35,50.70422535211267,False
April,Liquidation,33,47,41.25,False
April,Militech,30,33,47.61904761904761,False
April,NUSA,46,32,58.97435897435898,False
April,Newspaper,31,33,48.4375,False
April,OldRusty,33,37,47.14285714285714,False
April,Purplestar,33,39,45.83333333333333,False
April,Rainbow,30,48,38.46153846153847,False
April,Rose,31,43,41.891891891891895,False
April,Runic,28,33,45.90163934426229,False
April,Snowflake,36,33,52.17391304347826,False
April,Sovereign,39,32,54.929577464788736,False
Beacon,1987,37,45,45.1219512195122,False
Beacon,7891,29,30,49.152542372881356,False
Beacon,Arasaka,37,34,52.112676056338024,False
Beacon,Bamboo,31,45,40.78947368421053,False
Beacon,Cloud,39,41,48.75,False
Beacon,Cosmic,28,48,36.84210526315789,False
Beacon,Dawn,37,39,48.68421052631579,False
Beacon,Flute,24,37,39.34426229508197,False
Beacon,Freight,27,40,40.298507462686565,False
Beacon,Grassland,21,28,42.857142857142854,False
Beacon,KangTao,30,40,42.857142857142854,False
Beacon,Liquidation,40,35,53.333333333333336,False
Beacon,Militech,25,39,39.0625,False
Beacon,NUSA,29,34,46.03174603174603,False
Beacon,Newspaper,30,39,43.47826086956522,False
Beacon,OldRusty,36,37,49.31506849315068,False
Beacon,Purplestar,33,40,45.20547945205479,False
Beacon,Rainbow,37,49,43.02325581395349,False
Beacon,Rose,17,36,32.075471698113205,False
Beacon,Runic,34,42,44.73684210526316,False
Beacon,Snowflake,20,46,30.303030303030305,False
Beacon,Sovereign,32,36,47.05882352941176,False
Bell,1987,31,30,50.81967213114754,False
Bell,7891,40,36,52.63157894736842,False
Bell,Arasaka,30,40,42.857142857142854,False
Bell,Bamboo,26,34,43.333333333333336,False
Bell,Cloud,36,44,45.0,False
Bell,Cosmic,28,42,40.0,False
Bell,Dawn,24,34,41.37931034482759,False
Bell,Flute,33,34,49.25373134328358,False
Bell,Freight,39,39,50.0,False
Bell,Grassland,41,37,52.56410256410257,False
Bell,KangTao,37,33,52.85714285714286,False
Bell,Liquidation,33,51,39.285714285714285,False
Bell,Militech,34,46,42.5,False
Bell,NUSA,32,40,44.44444444444444,False
Bell,Newspaper,36,42,46.15384615384615,False
Bell,OldRusty,25,49,33.78378378378378,False
Bell,Purplestar,30,39,43.47826086956522,False
Bell,Rainbow,40,43,48.19277108433735,False
Bell,Rose,29,44,39.726027397260275,False
Bell,Runic,42,35,54.54545454545454,False
Bell,Snowflake,24,34,41.37931034482759,False
Bell,Sovereign,40,37,51.94805194805194,False
Cate,1987,33,28,54.09836065573771,False
Cate,7891,36,29,55.38461538461539,False
Cate,Arasaka,32,33,49.23076923076923,False
Cate,Bamboo,39,41,48.75,False
Cate,Cloud,25,37,40.32258064516129,False
Cate,Cosmic,37,28,56.92307692307692,False
Cate,Dawn,41,25,62.121212121212125,False
Cate,Flute,45,40,52.94117647058824,False
Cate,Freight,44,33,57.14285714285714,False
Cate,Grassland,38,32,54.285714285714285,False
Cate,KangTao,47,40,54.02298850574713,False
Cate,Liquidation,44,20,68.75,False
Cate,Militech,41,31,56.94444444444444,False
Cate,NUSA,47,28,62.66666666666667,False
Cate,Newspaper,37,40,48.05194805194805,False
Cate,OldRusty,35,29,54.6875,False
Cate,Purplestar,33,27,55.00000000000001,False
Cate,Rainbow,35,36,49.29577464788733,False
Cate,Rose,32,38,45.714285714285715,False
Cate,Runic,43,24,64.17910447761194,False
Cate,Snowflake,38,37,50.66666666666667,False
Cate,Sovereign,44,32,57.89473684210527,False
Cattee,1987,28,28,50.0,False
Cattee,7891,27,37,42.1875,False
Cattee,Arasaka,43,30,58.9041095890411,False
Cattee,Bamboo,33,36,47.82608695652174,False
Cattee,Cloud,34,40,45.94594594594595,False
Cattee,Cosmic,37,27,57.8125,False
Cattee,Dawn,34,39,46.57534246575342,False
Cattee,Flute,40,33,54.794520547945204,False
Cattee,Freight,48,56,46.15384615384615,False
Cattee,Grassland,42,34,55.26315789473685,False
Cattee,KangTao,30,27,52.63157894736842,False
Cattee,Liquidation,55,31,63.95348837209303,False
Cattee,Militech,57,42,57.57575757575758,False
Cattee,NUSA,29,28,50.877192982456144,False
Cattee,Newspaper,43,47,47.77777777777778,False
Cattee,OldRusty,38,37,50.66666666666667,False
Cattee,Purplestar,42,28,60.0,False
Cattee,Rainbow,35,47,42.68292682926829,False
Cattee,Rose,30,30,50.0,False
Cattee,Runic,41,27,60.29411764705882,False
Cattee,Snowflake,40,27,59.70149253731343,False
Cattee,Sovereign,36,30,54.54545454545454,False
Cerberus,1987,34,27,55.73770491803278,False
Cerberus,7891,39,32,54.929577464788736,False
Cerberus,Arasaka,24,37,39.34426229508197,False
Cerberus,Bamboo,36,34,51.42857142857142,False
Cerberus,Cloud,35,48,42.168674698795186,False
Cerberus,Cosmic,35,38,47.94520547945205,False
Cerberus,Dawn,31,35,46.96969696969697,False
Cerberus,Flute,40,45,47.05882352941176,False
Cerberus,Freight,38,39,49.35064935064935,False
Cerberus,Grassland,32,31,50.79365079365079,False
Cerberus,KangTao,32,35,47.76119402985074,False
Cerberus,Liquidation,39,22,63.934426229508205,False
Cerberus,Militech,35,31,53.03030303030303,False
Cerberus,NUSA,29,34,46.03174603174603,False
Cerberus,Newspaper,34,33,50.74626865671642,False
Cerberus,OldRusty,37,35,51.388888888888886,False
Cerberus,Purplestar,43,34,55.84415584415584,False
Cerberus,Rainbow,42,31,57.534246575342465,False
Cerberus,Rose,36,46,43.90243902439025,False
Cerberus,Runic,51,26,66.23376623376623,False
Cerberus,Snowflake,36,34,51.42857142857142,False
Cerberus,Sovereign,43,34,55.84415584415584,False
CheiHW,1987,37,35,51.388888888888886,False
CheiHW,7891,34,30,53.125,False
CheiHW,Arasaka,33,36,47.82608695652174,False
CheiHW,Bamboo,30,35,46.15384615384615,False
CheiHW,Cloud,34,43,44.15584415584416,False
CheiHW,Cosmic,50,33,60.24096385542169,False
CheiHW,Dawn,31,37,45.588235294117645,False
CheiHW,Flute,44,34,56.41025641025641,False
CheiHW,Freight,42,38,52.5,False
CheiHW,Grassland,31,34,47.69230769230769,False
CheiHW,KangTao,46,26,63.888888888888886,False
CheiHW,Liquidation,36,39,48.0,False
CheiHW,Militech,34,29,53.96825396825397,False
CheiHW,NUSA,36,29,55.38461538461539,False
CheiHW,Newspaper,40,33,54.794520547945204,False
CheiHW,OldRusty,40,33,54.794520547945204,False
CheiHW,Purplestar,31,24,56.36363636363636,False
CheiHW,Rainbow,37,27,57.8125,False
CheiHW,Rose,27,43,38.57142857142858,False
CheiHW,Runic,44,33,57.14285714285714,False
CheiHW,Snowflake,34,34,50.0,False
CheiHW,Sovereign,30,26,53.57142857142857,False
Chei,1987,34,41,45.33333333333333,False
Chei,7891,47,39,54.65116279069767,False
Chei,Arasaka,32,33,49.23076923076923,False
Chei,Bamboo,38,33,53.52112676056338,False
Chei,Cloud,26,30,46.42857142857143,False
Chei,Cosmic,40,30,57.14285714285714,False
Chei,Dawn,34,41,45.33333333333333,False
Chei,Flute,50,37,57.47126436781609,False
Chei,Freight,36,28,56.25,False
Chei,Grassland,32,39,45.07042253521127,False
Chei,KangTao,44,23,65.67164179104478,False
Chei,Liquidation,46,34,57.49999999999999,False
Chei,Militech,38,36,51.35135135135135,False
Chei,NUSA,47,27,63.51351351351351,False
Chei,Newspaper,29,36,44.61538461538462,False
Chei,OldRusty,31,40,43.66197183098591,False
Chei,Purplestar,37,33,52.85714285714286,False
Chei,Rainbow,29,39,42.64705882352941,False
Chei,Rose,45,35,56.25,False
Chei,Runic,54,45,54.54545454545454,False
Chei,Snowflake,34,34,50.0,False
Chei,Sovereign,38,32,54.285714285714285,False
Chiffon,1987,39,39,50.0,False
Chiffon,7891,41,32,56.16438356164384,False
Chiffon,Arasaka,38,26,59.375,False
Chiffon,Bamboo,31,35,46.96969696969697,False
Chiffon,Cloud,36,27,57.14285714285714,False
Chiffon,Cosmic,44,41,51.76470588235295,False
Chiffon,Dawn,31,33,48.4375,False
Chiffon,Flute,36,33,52.17391304347826,False
Chiffon,Freight,37,36,50.68493150684932,False
Chiffon,Grassland,44,28,61.111111111111114,False
Chiffon,KangTao,33,48,40.74074074074074,False
Chiffon,Liquidation,42,32,56.75675675675676,False
Chiffon,Militech,48,29,62.33766233766234,False
Chiffon,NUSA,40,28,58.82352941176471,False
Chiffon,Newspaper,40,37,51.94805194805194,False
Chiffon,OldRusty,39,36,52.0,False
Chiffon,Purplestar,38,29,56.71641791044776,False
Chiffon,Rainbow,31,34,47.69230769230769,False
Chiffon,Rose,43,37,53.75,False
Chiffon,Runic,34,47,41.9753086419753,False
Chiffon,Snowflake,34,38,47.22222222222222,False
Chiffon,Sovereign,36,29,55.38461538461539,False
Cliffe,1987,49,33,59.756097560975604,False
Cliffe,7891,46,24,65.71428571428571,False
Cliffe,Arasaka,39,41,48.75,False
Cliffe,Bamboo,30,32,48.38709677419355,False
Cliffe,Cloud,30,32,48.38709677419355,False
Cliffe,Cosmic,39,36,52.0,False
Cliffe,Dawn,36,35,50.70422535211267,False
Cliffe,Flute,32,40,44.44444444444444,False
Cliffe,Freight,43,29,59.72222222222222,False
Cliffe,Grassland,44,35,55.69620253164557,False
Cliffe,KangTao,32,35,47.76119402985074,False
Cliffe,Liquidation,49,42,53.84615384615385,False
Cliffe,Militech,45,33,57.692307692307686,False
Cliffe,NUSA,31,32,49.2063492063492,False
Cliffe,Newspaper,37,39,48.68421052631579,False
Cliffe,OldRusty,31,50,38.2716049382716,False
Cliffe,Purplestar,35,37,48.61111111111111,False
Cliffe,Rainbow,49,33,59.756097560975604,False
Cliffe,Rose,33,36,47.82608695652174,False
Cliffe,Runic,42,30,58.333333333333336,False
Cliffe,Snowflake,32,36,47.05882352941176,False
Cliffe,Sovereign,43,30,58.9041095890411,False
Clover,1987,30,38,44.11764705882353,False
Clover,7891,33,36,47.82608695652174,False
Clover,Arasaka,39,33,54.166666666666664,False
Clover,Bamboo,25,37,40.32258064516129,False
Clover,Cloud,26,35,42.62295081967213,False
Clover,Cosmic,38,46,45.23809523809524,False
Clover,Dawn,35,30,53.84615384615385,False
Clover,Flute,27,25,51.92307692307693,False
Clover,Freight,28,43,39.436619718309856,False
Clover,Grassland,33,36,47.82608695652174,False
Clover,KangTao,36,43,45.56962025316456,False
Clover,Liquidation,43,28,60.56338028169014,False
Clover,Militech,32,37,46.3768115942029,False
Clover,NUSA,29,35,45.3125,False
Clover,Newspaper,41,45,47.674418604651166,False
Clover,OldRusty,35,42,45.45454545454545,False
Clover,Purplestar,41,37,52.56410256410257,False
Clover,Rainbow,39,34,53.42465753424658,False
Clover,Rose,45,28,61.64383561643836,False
Clover,Runic,31,32,49.2063492063492,False
Clover,Snowflake,32,39,45.07042253521127,False
Clover,Sovereign,32,35,47.76119402985074,False
CocoaRT,1987,38,38,50.0,False
CocoaRT,7891,35,26,57.377049180327866,False
CocoaRT,Arasaka,42,29,59.154929577464785,False
CocoaRT,Bamboo,41,30,57.74647887323944,False
CocoaRT,Cloud,41,32,56.16438356164384,False
CocoaRT,Cosmic,51,24,68.0,False
CocoaRT,Dawn,37,31,54.41176470588235,False
CocoaRT,Flute,42,38,52.5,False
CocoaRT,Freight,40,40,50.0,False
CocoaRT,Grassland,28,28,50.0,False
CocoaRT,KangTao,40,39,50.63291139240506,False
CocoaRT,Liquidation,43,29,59.72222222222222,False
CocoaRT,Militech,44,38,53.65853658536586,False
CocoaRT,NUSA,29,32,47.540983606557376,False
CocoaRT,Newspaper,31,34,47.69230769230769,False
CocoaRT,OldRusty,56,28,66.66666666666666,False
CocoaRT,Purplestar,35,26,57.377049180327866,False
CocoaRT,Rainbow,44,33,57.14285714285714,False
CocoaRT,Rose,41,26,61.19402985074627,False
CocoaRT,Runic,38,27,58.46153846153847,False
CocoaRT,Snowflake,50,32,60.97560975609756,False
CocoaRT,Sovereign,38,31,55.072463768115945,False
Cocoa,1987,44,33,57.14285714285714,False
Cocoa,7891,34,38,47.22222222222222,False
Cocoa,Arasaka,35,21,62.5,False
Cocoa,Bamboo,38,24,61.29032258064516,False
Cocoa,Cloud,37,36,50.68493150684932,False
Cocoa,Cosmic,42,29,59.154929577464785,False
Cocoa,Dawn,47,28,62.66666666666667,False
Cocoa,Flute,38,32,54.285714285714285,False
Cocoa,Freight,40,31,56.33802816901409,False
Cocoa,Grassland,39,28,58.2089552238806,False
Cocoa,KangTao,32,39,45.07042253521127,False
Cocoa,Liquidation,42,32,56.75675675675676,False
Cocoa,Militech,42,31,57.534246575342465,False
Cocoa,NUSA,39,33,54.166666666666664,False
Cocoa,Newspaper,43,32,57.333333333333336,False
Cocoa,OldRusty,34,32,51.515151515151516,False
Cocoa,Purplestar,36,23,61.016949152542374,False
Cocoa,Rainbow,35,32,52.23880597014925,False
Cocoa,Rose,36,38,48.64864864864865,False
Cocoa,Runic,47,38,55.294117647058826,False
Cocoa,Snowflake,38,37,50.66666666666667,False
Cocoa,Sovereign,45,36,55.55555555555556,False
Cupid,1987,29,34,46.03174603174603,False
Cupid,7891,32,36,47.05882352941176,False
Cupid,Arasaka,29,36,44.61538461538462,False
Cupid,Bamboo,40,38,51.28205128205128,False
Cupid,Cloud,30,56,34.883720930232556,False
Cupid,Cosmic,24,35,40.67796610169492,False
Cupid,Dawn,28,29,49.122807017543856,False
Cupid,Flute,26,44,37.142857142857146,False
Cupid,Freight,26,34,43.333333333333336,False
Cupid,Grassland,26,51,33.76623376623377,False
Cupid,KangTao,26,50,34.21052631578947,False
Cupid,Liquidation,41,52,44.086021505376344,False
Cupid,Militech,24,48,33.33333333333333,False
Cupid,NUSA,34,43,44.15584415584416,False
Cupid,Newspaper,41,36,53.246753246753244,False
Cupid,OldRusty,32,49,39.50617283950617,False
Cupid,Purplestar,27,36,42.857142857142854,False
Cupid,Rainbow,26,37,41.269841269841265,False
Cupid,Rose,33,33,50.0,False
Cupid,Runic,38,30,55.88235294117647,False
Cupid,Snowflake,28,37,43.07692307692308,False
Cupid,Sovereign,32,39,45.07042253521127,False
Don,1987,39,45,46.42857142857143,False
Don,7891,45,33,57.692307692307686,False
Don,Arasaka,39,41,48.75,False
Don,Bamboo,32,20,61.53846153846154,False
Don,Cloud,34,33,50.74626865671642,False
Don,Cosmic,21,32,39.62264150943396,False
Don,Dawn,35,43,44.871794871794876,False
Don,Flute,29,42,40.845070422535215,False
Don,Freight,25,24,51.02040816326531,False
Don,Grassland,36,38,48.64864864864865,False
Don,KangTao,40,41,49.382716049382715,False
Don,Liquidation,33,34,49.25373134328358,False
Don,Militech,42,33,56.00000000000001,False
Don,NUSA,38,31,55.072463768115945,False
Don,Newspaper,35,31,53.03030303030303,False
Don,OldRusty,34,39,46.57534246575342,False
Don,Purplestar,39,31,55.714285714285715,False
Don,Rainbow,23,38,37.704918032786885,False
Don,Rose,22,32,40.74074074074074,False
Don,Runic,36,25,59.01639344262295,False
Don,Snowflake,29,33,46.774193548387096,False
Don,Sovereign,33,31,51.5625,False
Dophine,1987,35,45,43.75,False
Dophine,7891,40,38,51.28205128205128,False
Dophine,Arasaka,30,35,46.15384615384615,False
Dophine,Bamboo,30,32,48.38709677419355,False
Dophine,Cloud,25,44,36.231884057971016,False
Dophine,Cosmic,30,41,42.25352112676056,False
Dophine,Dawn,37,30,55.223880597014926,False
Dophine,Flute,29,36,44.61538461538462,False
Dophine,Freight,32,42,43.24324324324324,False
Dophine,Grassland,38,28,57.57575757575758,False
Dophine,KangTao,31,38,44.927536231884055,False
Dophine,Liquidation,45,21,68.18181818181817,False
Dophine,Militech,27,34,44.26229508196721,False
Dophine,NUSA,27,35,43.54838709677419,False
Dophine,Newspaper,49,32,60.49382716049383,False
Dophine,OldRusty,29,33,46.774193548387096,False
Dophine,Purplestar,32,35,47.76119402985074,False
Dophine,Rainbow,27,41,39.705882352941174,False
Dophine,Rose,37,47,44.047619047619044,False
Dophine,Runic,44,43,50.57471264367817,False
Dophine,Snowflake,39,40,49.36708860759494,False
Dophine,Sovereign,43,36,54.43037974683544,False
East,1987,35,30,53.84615384615385,False
East,7891,25,32,43.859649122807014,False
East,Arasaka,29,36,44.61538461538462,False
East,Bamboo,38,51,42.69662921348314,False
East,Cloud,24,46,34.285714285714285,False
East,Cosmic,39,33,54.166666666666664,False
East,Dawn,35,42,45.45454545454545,False
East,Flute,30,45,40.0,False
East,Freight,35,39,47.2972972972973,False
East,Grassland,34,28,54.83870967741935,False
East,KangTao,32,32,50.0,False
East,Liquidation,35,39,47.2972972972973,False
East,Militech,42,35,54.54545454545454,False
East,NUSA,27,31,46.55172413793103,False
East,Newspaper,34,41,45.33333333333333,False
East,OldRusty,26,47,35.61643835616438,False
East,Purplestar,25,38,39.682539682539684,False
East,Rainbow,29,41,41.42857142857143,False
East,Rose,29,43,40.27777777777778,False
East,Runic,28,37,43.07692307692308,False
East,Snowflake,33,37,47.14285714285714,False
East,Sovereign,37,28,56.92307692307692,False
Fenrir,1987,39,27,59.09090909090909,False
Fenrir,7891,24,37,39.34426229508197,False
Fenrir,Arasaka,26,26,50.0,False
Fenrir,Bamboo,31,28,52.54237288135594,False
Fenrir,Cloud,32,44,42.10526315789473,False
Fenrir,Cosmic,29,32,47.540983606557376,False
Fenrir,Dawn,29,36,44.61538461538462,False
Fenrir,Flute,29,33,46.774193548387096,False
Fenrir,Freight,34,40,45.94594594594595,False
Fenrir,Grassland,27,31,46.55172413793103,False
Fenrir,KangTao,33,44,42.857142857142854,False
Fenrir,Liquidation,33,31,51.5625,False
Fenrir,Militech,38,46,45.23809523809524,False
Fenrir,NUSA,22,30,42.30769230769231,False
Fenrir,Newspaper,32,46,41.02564102564102,False
Fenrir,OldRusty,37,34,52.112676056338024,False
Fenrir,Purplestar,25,39,39.0625,False
Fenrir,Rainbow,29,33,46.774193548387096,False
Fenrir,Rose,23,42,35.38461538461539,False
Fenrir,Runic,26,48,35.13513513513514,False
Fenrir,Snowflake,30,47,38.961038961038966,False
Fenrir,Sovereign,26,41,38.80597014925373,False
Fox,1987,39,32,54.929577464788736,False
Fox,7891,41,29,58.57142857142858,False
Fox,Arasaka,41,34,54.666666666666664,False
Fox,Bamboo,36,24,60.0,False
Fox,Cloud,33,36,47.82608695652174,False
Fox,Cosmic,38,35,52.054794520547944,False
Fox,Dawn,25,43,36.76470588235294,False
Fox,Flute,38,32,54.285714285714285,False
Fox,Freight,36,37,49.31506849315068,False
Fox,Grassland,30,39,43.47826086956522,False
Fox,KangTao,37,37,50.0,False
Fox,Liquidation,47,27,63.51351351351351,False
Fox,Militech,40,32,55.55555555555556,False
Fox,NUSA,37,37,50.0,False
Fox,Newspaper,37,32,53.62318840579711,False
Fox,OldRusty,29,32,47.540983606557376,False
Fox,Purplestar,30,29,50.847457627118644,False
Fox,Rainbow,49,29,62.82051282051282,False
Fox,Rose,31,26,54.385964912280706,False
Fox,Runic,39,30,56.52173913043478,False
Fox,Snowflake,37,23,61.66666666666667,False
Fox,Sovereign,31,32,49.2063492063492,False
FreyaBP,1987,35,28,55.55555555555556,False
FreyaBP,7891,28,19,59.57446808510638,False
FreyaBP,Arasaka,30,31,49.18032786885246,False
FreyaBP,Bamboo,44,36,55.00000000000001,False
FreyaBP,Cloud,42,25,62.68656716417911,False
FreyaBP,Cosmic,38,24,61.29032258064516,False
FreyaBP,Dawn,44,37,54.32098765432099,False
FreyaBP,Flute,23,30,43.39622641509434,False
FreyaBP,Freight,35,27,56.451612903225815,False
FreyaBP,Grassland,31,25,55.35714285714286,False
FreyaBP,KangTao,41,26,61.19402985074627,False
FreyaBP,Liquidation,32,39,45.07042253521127,False
FreyaBP,Militech,37,35,51.388888888888886,False
FreyaBP,NUSA,43,34,55.84415584415584,False
FreyaBP,Newspaper,39,34,53.42465753424658,False
FreyaBP,OldRusty,29,37,43.93939393939394,False
FreyaBP,Purplestar,39,42,48.148148148148145,False
FreyaBP,Rainbow,51,44,53.68421052631579,False
FreyaBP,Rose,23,51,31.08108108108108,False
FreyaBP,Runic,39,29,57.35294117647059,False
FreyaBP,Snowflake,39,41,48.75,False
FreyaBP,Sovereign,24,23,51.06382978723404,False
FreyaSK,1987,30,37,44.776119402985074,False
FreyaSK,7891,37,27,57.8125,False
FreyaSK,Arasaka,35,31,53.03030303030303,False
FreyaSK,Bamboo,36,43,45.56962025316456,False
FreyaSK,Cloud,34,30,53.125,False
FreyaSK,Cosmic,31,30,50.81967213114754,False
FreyaSK,Dawn,32,33,49.23076923076923,False
FreyaSK,Flute,23,46,33.33333333333333,False
FreyaSK,Freight,40,44,47.61904761904761,False
FreyaSK,Grassland,37,33,52.85714285714286,False
FreyaSK,KangTao,33,30,52.38095238095239,False
FreyaSK,Liquidation,37,41,47.43589743589743,False
FreyaSK,Militech,33,41,44.5945945945946,False
FreyaSK,NUSA,29,32,47.540983606557376,False
FreyaSK,Newspaper,32,33,49.23076923076923,False
FreyaSK,OldRusty,40,35,53.333333333333336,False
FreyaSK,Purplestar,43,38,53.086419753086425,False
FreyaSK,Rainbow,39,35,52.702702702702695,False
FreyaSK,Rose,19,47,28.78787878787879,False
FreyaSK,Runic,30,30,50.0,False
FreyaSK,Snowflake,38,37,50.66666666666667,False
FreyaSK,Sovereign,30,26,53.57142857142857,False
Freya,1987,36,38,48.64864864864865,False
Freya,7891,41,32,56.16438356164384,False
Freya,Arasaka,41,35,53.94736842105263,False
Freya,Bamboo,38,45,45.78313253012048,False
Freya,Cloud,32,48,40.0,False
Freya,Cosmic,35,45,43.75,False
Freya,Dawn,45,33,57.692307692307686,False
Freya,Flute,27,34,44.26229508196721,False
Freya,Freight,28,23,54.90196078431373,False
Freya,Grassland,50,29,63.29113924050633,False
Freya,KangTao,31,39,44.285714285714285,False
Freya,Liquidation,30,38,44.11764705882353,False
Freya,Militech,34,33,50.74626865671642,False
Freya,NUSA,40,31,56.33802816901409,False
Freya,Newspaper,44,34,56.41025641025641,False
Freya,OldRusty,33,36,47.82608695652174,False
Freya,Purplestar,34,37,47.88732394366197,False
Freya,Rainbow,38,42,47.5,False
Freya,Rose,37,36,50.68493150684932,False
Freya,Runic,41,40,50.617283950617285,False
Freya,Snowflake,38,30,55.88235294117647,False
Freya,Sovereign,38,33,53.52112676056338,False
Gabe,1987,32,39,45.07042253521127,False
Gabe,7891,38,44,46.34146341463415,False
Gabe,Arasaka,27,34,44.26229508196721,False
Gabe,Bamboo,35,41,46.05263157894737,False
Gabe,Cloud,30,35,46.15384615384615,False
Gabe,Cosmic,28,35,44.44444444444444,False
Gabe,Dawn,41,35,53.94736842105263,False
Gabe,Flute,35,38,47.94520547945205,False
Gabe,Freight,27,35,43.54838709677419,False
Gabe,Grassland,30,47,38.961038961038966,False
Gabe,KangTao,30,46,39.473684210526315,False
Gabe,Liquidation,32,52,38.095238095238095,False
Gabe,Militech,36,39,48.0,False
Gabe,NUSA,38,40,48.717948717948715,False
Gabe,Newspaper,27,53,33.75,False
Gabe,OldRusty,18,38,32.142857142857146,False
Gabe,Purplestar,36,35,50.70422535211267,False
Gabe,Rainbow,35,38,47.94520547945205,False
Gabe,Rose,30,32,48.38709677419355,False
Gabe,Runic,42,39,51.85185185185185,False
Gabe,Snowflake,30,37,44.776119402985074,False
Gabe,Sovereign,37,46,44.57831325301205,False
George,1987,45,31,59.210526315789465,False
George,7891,30,31,49.18032786885246,False
George,Arasaka,33,39,45.83333333333333,False
George,Bamboo,34,37,47.88732394366197,False
George,Cloud,27,35,43.54838709677419,False
George,Cosmic,28,38,42.42424242424242,False
George,Dawn,31,44,41.333333333333336,False
George,Flute,39,40,49.36708860759494,False
George,Freight,43,39,52.4390243902439,False
George,Grassland,30,37,44.776119402985074,False
George,KangTao,35,34,50.72463768115942,False
George,Liquidation,41,42,49.39759036144578,False
George,Militech,30,42,41.66666666666667,False
George,NUSA,40,41,49.382716049382715,False
George,Newspaper,42,35,54.54545454545454,False
George,OldRusty,30,32,48.38709677419355,False
George,Purplestar,45,30,60.0,False
George,Rainbow,41,37,52.56410256410257,False
George,Rose,32,32,50.0,False
George,Runic,37,44,45.67901234567901,False
George,Snowflake,26,42,38.23529411764706,False
George,Sovereign,32,45,41.55844155844156,False
Heracles,1987,35,36,49.29577464788733,False
Heracles,7891,44,32,57.89473684210527,False
Heracles,Arasaka,34,27,55.73770491803278,False
Heracles,Bamboo,35,40,46.666666666666664,False
Heracles,Cloud,28,46,37.83783783783784,False
Heracles,Cosmic,40,29,57.971014492753625,False
Heracles,Dawn,50,30,62.5,False
Heracles,Flute,39,17,69.64285714285714,False
Heracles,Freight,38,26,59.375,False
Heracles,Grassland,32,37,46.3768115942029,False
Heracles,KangTao,37,34,52.112676056338024,False
Heracles,Liquidation,42,35,54.54545454545454,False
Heracles,Militech,48,26,64.86486486486487,False
Heracles,NUSA,43,29,59.72222222222222,False
Heracles,Newspaper,28,25,52.83018867924528,False
Heracles,OldRusty,43,37,53.75,False
Heracles,Purplestar,32,24,57.14285714285714,False
Heracles,Rainbow,40,40,50.0,False
Heracles,Rose,26,36,41.935483870967744,False
Heracles,Runic,49,46,51.578947368421055,False
Heracles,Snowflake,41,29,58.57142857142858,False
Heracles,Sovereign,33,42,44.0,False
Iris,1987,33,46,41.77215189873418,False
Iris,7891,29,30,49.152542372881356,False
Iris,Arasaka,31,28,52.54237288135594,False
Iris,Bamboo,31,39,44.285714285714285,False
Iris,Cloud,29,42,40.845070422535215,False
Iris,Cosmic,31,34,47.69230769230769,False
Iris,Dawn,39,23,62.903225806451616,False
Iris,Flute,33,34,49.25373134328358,False
Iris,Freight,28,40,41.17647058823529,False
Iris,Grassland,22,31,41.509433962264154,False
Iris,KangTao,40,42,48.78048780487805,False
Iris,Liquidation,31,43,41.891891891891895,False
Iris,Militech,33,41,44.5945945945946,False
Iris,NUSA,42,29,59.154929577464785,False
Iris,Newspaper,33,43,43.42105263157895,False
Iris,OldRusty,34,51,40.0,False
Iris,Purplestar,34,43,44.15584415584416,False
Iris,Rainbow,39,41,48.75,False
Iris,Rose,33,41,44.5945945945946,False
Iris,Runic,35,29,54.6875,False
Iris,Snowflake,29,33,46.774193548387096,False
Iris,Sovereign,44,35,55.69620253164557,False
Kyle,1987,30,41,42.25352112676056,False
Kyle,7891,32,30,51.61290322580645,False
Kyle,Arasaka,33,33,50.0,False
Kyle,Bamboo,37,31,54.41176470588235,False
Kyle,Cloud,26,45,36.61971830985916,False
Kyle,Cosmic,34,36,48.57142857142857,False
Kyle,Dawn,33,39,45.83333333333333,False
Kyle,Flute,38,29,56.71641791044776,False
Kyle,Freight,39,35,52.702702702702695,False
Kyle,Grassland,47,48,49.473684210526315,False
Kyle,KangTao,31,23,57.407407407407405,False
Kyle,Liquidation,38,44,46.34146341463415,False
Kyle,Militech,39,37,51.31578947368421,False
Kyle,NUSA,43,30,58.9041095890411,False
Kyle,Newspaper,33,34,49.25373134328358,False
Kyle,OldRusty,30,35,46.15384615384615,False
Kyle,Purplestar,31,37,45.588235294117645,False
Kyle,Rainbow,30,35,46.15384615384615,False
Kyle,Rose,40,36,52.63157894736842,False
Kyle,Runic,42,37,53.16455696202531,False
Kyle,Snowflake,43,43,50.0,False
Kyle,Sovereign,38,41,48.10126582278481,False
Lenpo,1987,37,34,52.112676056338024,False
Lenpo,7891,46,40,53.48837209302325,False
Lenpo,Arasaka,30,40,42.857142857142854,False
Lenpo,Bamboo,29,35,45.3125,False
Lenpo,Cloud,28,44,38.88888888888889,False
Lenpo,Cosmic,24,36,40.0,False
Lenpo,Dawn,38,32,54.285714285714285,False
Lenpo,Flute,28,36,43.75,False
Lenpo,Freight,28,38,42.42424242424242,False
Lenpo,Grassland,32,38,45.714285714285715,False
Lenpo,KangTao,45,36,55.55555555555556,False
Lenpo,Liquidation,31,38,44.927536231884055,False
Lenpo,Militech,37,38,49.333333333333336,False
Lenpo,NUSA,39,32,54.929577464788736,False
Lenpo,Newspaper,44,42,51.162790697674424,False
Lenpo,OldRusty,35,32,52.23880597014925,False
Lenpo,Purplestar,33,32,50.76923076923077,False
Lenpo,Rainbow,25,38,39.682539682539684,False
Lenpo,Rose,43,42,50.588235294117645,False
Lenpo,Runic,32,28,53.333333333333336,False
Lenpo,Snowflake,28,35,44.44444444444444,False
Lenpo,Sovereign,37,31,54.41176470588235,False
Lester,1987,23,46,33.33333333333333,False
Lester,7891,33,48,40.74074074074074,False
Lester,Arasaka,22,47,31.88405797101449,False
Lester,Bamboo,21,39,35.0,False
Lester,Cloud,40,39,50.63291139240506,False
Lester,Cosmic,38,39,49.35064935064935,False
Lester,Dawn,29,51,36.25,False
Lester,Flute,23,31,42.592592592592595,False
Lester,Freight,38,34,52.77777777777778,False
Lester,Grassland,28,47,37.333333333333336,False
Lester,KangTao,27,31,46.55172413793103,False
Lester,Liquidation,33,34,49.25373134328358,False
Lester,Militech,28,38,42.42424242424242,False
Lester,NUSA,31,47,39.743589743589745,False
Lester,Newspaper,32,43,42.66666666666667,False
Lester,OldRusty,25,47,34.72222222222222,False
Lester,Purplestar,33,32,50.76923076923077,False
Lester,Rainbow,28,37,43.07692307692308,False
Lester,Rose,25,33,43.103448275862064,False
Lester,Runic,20,39,33.89830508474576,False
Lester,Snowflake,27,41,39.705882352941174,False
Lester,Sovereign,34,46,42.5,False
Lillia,1987,28,38,42.42424242424242,False
Lillia,7891,35,37,48.61111111111111,False
Lillia,Arasaka,27,38,41.53846153846154,False
Lillia,Bamboo,37,42,46.835443037974684,False
Lillia,Cloud,22,39,36.0655737704918,False
Lillia,Cosmic,23,40,36.507936507936506,False
Lillia,Dawn,28,34,45.16129032258064,False
Lillia,Flute,25,36,40.98360655737705,False
Lillia,Freight,26,32,44.827586206896555,False
Lillia,Grassland,24,46,34.285714285714285,False
Lillia,KangTao,37,41,47.43589743589743,False
Lillia,Liquidation,30,47,38.961038961038966,False
Lillia,Militech,30,54,35.714285714285715,False
Lillia,NUSA,35,43,44.871794871794876,False
Lillia,Newspaper,33,41,44.5945945945946,False
Lillia,OldRusty,29,44,39.726027397260275,False
Lillia,Purplestar,31,46,40.25974025974026,False
Lillia,Rainbow,25,42,37.3134328358209,False
Lillia,Rose,26,43,37.68115942028986,False
Lillia,Runic,31,26,54.385964912280706,False
Lillia,Snowflake,31,46,40.25974025974026,False
Lillia,Sovereign,38,38,50.0,False
Lu,1987,44,37,54.32098765432099,False
Lu,7891,34,31,52.307692307692314,False
Lu,Arasaka,24,43,35.82089552238806,False
Lu,Bamboo,25,40,38.46153846153847,False
Lu,Cloud,35,33,51.470588235294116,False
Lu,Cosmic,24,50,32.432432432432435,False
Lu,Dawn,42,40,51.21951219512195,False
Lu,Flute,44,37,54.32098765432099,False
Lu,Freight,33,36,47.82608695652174,False
Lu,Grassland,32,38,45.714285714285715,False
Lu,KangTao,26,32,44.827586206896555,False
Lu,Liquidation,29,38,43.28358208955223,False
Lu,Militech,26,49,34.66666666666667,False
Lu,NUSA,33,38,46.478873239436616,False
Lu,Newspaper,25,41,37.878787878787875,False
Lu,OldRusty,29,46,38.666666666666664,False
Lu,Purplestar,36,37,49.31506849315068,False
Lu,Rainbow,26,54,32.5,False
Lu,Rose,32,42,43.24324324324324,False
Lu,Runic,35,38,47.94520547945205,False
Lu,Snowflake,18,44,29.03225806451613,False
Lu,Sovereign,29,43,40.27777777777778,False
Luna,1987,33,38,46.478873239436616,False
Luna,7891,23,32,41.81818181818181,False
Luna,Arasaka,29,34,46.03174603174603,False
Luna,Bamboo,29,42,40.845070422535215,False
Luna,Cloud,25,42,37.3134328358209,False
Luna,Cosmic,37,38,49.333333333333336,False
Luna,Dawn,34,39,46.57534246575342,False
Luna,Flute,24,29,45.28301886792453,False
Luna,Freight,39,44,46.98795180722892,False
Luna,Grassland,42,47,47.19101123595505,False
Luna,KangTao,36,33,52.17391304347826,False
Luna,Liquidation,44,36,55.00000000000001,False
Luna,Militech,34,39,46.57534246575342,False
Luna,NUSA,41,31,56.94444444444444,False
Luna,Newspaper,32,29,52.459016393442624,False
Luna,OldRusty,41,50,45.05494505494506,False
Luna,Purplestar,32,37,46.3768115942029,False
Luna,Rainbow,34,46,42.5,False
Luna,Rose,42,37,53.16455696202531,False
Luna,Runic,25,32,43.859649122807014,False
Luna,Snowflake,25,43,36.76470588235294,False
Luna,Sovereign,36,28,56.25,False
Mitsuki,1987,42,30,58.333333333333336,False
Mitsuki,7891,34,37,47.88732394366197,False
Mitsuki,Arasaka,37,28,56.92307692307692,False
Mitsuki,Bamboo,20,50,28.57142857142857,False
Mitsuki,Cloud,30,43,41.0958904109589,False
Mitsuki,Cosmic,37,40,48.05194805194805,False
Mitsuki,Dawn,27,39,40.909090909090914,False
Mitsuki,Flute,31,32,49.2063492063492,False
Mitsuki,Freight,33,40,45.20547945205479,False
Mitsuki,Grassland,35,39,47.2972972972973,False
Mitsuki,KangTao,33,37,47.14285714285714,False
Mitsuki,Liquidation,28,36,43.75,False
Mitsuki,Militech,29,39,42.64705882352941,False
Mitsuki,NUSA,33,32,50.76923076923077,False
Mitsuki,Newspaper,36,39,48.0,False
Mitsuki,OldRusty,34,44,43.58974358974359,False
Mitsuki,Purplestar,37,40,48.05194805194805,False
Mitsuki,Rainbow,30,34,46.875,False
Mitsuki,Rose,34,39,46.57534246575342,False
Mitsuki,Runic,27,42,39.130434782608695,False
Mitsuki,Snowflake,27,35,43.54838709677419,False
Mitsuki,Sovereign,33,46,41.77215189873418,False
Moe,1987,35,30,53.84615384615385,False
Moe,7891,43,29,59.72222222222222,False
Moe,Arasaka,38,42,47.5,False
Moe,Bamboo,31,27,53.44827586206896,False
Moe,Cloud,31,41,43.05555555555556,False
Moe,Cosmic,37,35,51.388888888888886,False
Moe,Dawn,37,36,50.68493150684932,False
Moe,Flute,30,31,49.18032786885246,False
Moe,Freight,33,41,44.5945945945946,False
Moe,Grassland,29,37,43.93939393939394,False
Moe,KangTao,44,38,53.65853658536586,False
Moe,Liquidation,42,39,51.85185185185185,False
Moe,Militech,34,43,44.15584415584416,False
Moe,NUSA,36,43,45.56962025316456,False
Moe,Newspaper,35,36,49.29577464788733,False
Moe,OldRusty,38,33,53.52112676056338,False
Moe,Purplestar,46,41,52.87356321839081,False
Moe,Rainbow,33,40,45.20547945205479,False
Moe,Rose,35,43,44.871794871794876,False
Moe,Runic,28,32,46.666666666666664,False
Moe,Snowflake,27,32,45.76271186440678,False
Moe,Sovereign,36,45,44.44444444444444,False
Nata,1987,31,35,46.96969696969697,False
Nata,7891,44,33,57.14285714285714,False
Nata,Arasaka,32,33,49.23076923076923,False
Nata,Bamboo,41,27,60.29411764705882,False
Nata,Cloud,18,37,32.72727272727273,False
Nata,Cosmic,28,21,57.14285714285714,False
Nata,Dawn,35,39,47.2972972972973,False
Nata,Flute,33,35,48.529411764705884,False
Nata,Freight,51,17,75.0,False
Nata,Grassland,33,38,46.478873239436616,False
Nata,KangTao,32,37,46.3768115942029,False
Nata,Liquidation,37,40,48.05194805194805,False
Nata,Militech,36,28,56.25,False
Nata,NUSA,28,24,53.84615384615385,False
Nata,Newspaper,48,36,57.14285714285714,False
Nata,OldRusty,31,35,46.96969696969697,False
Nata,Purplestar,36,33,52.17391304347826,False
Nata,Rainbow,27,26,50.943396226415096,False
Nata,Rose,27,37,42.1875,False
Nata,Runic,26,41,38.80597014925373,False
Nata,Snowflake,45,31,59.210526315789465,False
Nata,Sovereign,43,30,58.9041095890411,False
Olive,1987,40,38,51.28205128205128,False
Olive,7891,37,24,60.65573770491803,False
Olive,Arasaka,41,26,61.19402985074627,False
Olive,Bamboo,47,39,54.65116279069767,False
Olive,Cloud,35,30,53.84615384615385,False
Olive,Cosmic,22,36,37.93103448275862,False
Olive,Dawn,39,33,54.166666666666664,False
Olive,Flute,29,33,46.774193548387096,False
Olive,Freight,51,29,63.74999999999999,False
Olive,Grassland,38,33,53.52112676056338,False
Olive,KangTao,41,28,59.42028985507246,False
Olive,Liquidation,42,37,53.16455696202531,False
Olive,Militech,36,27,57.14285714285714,False
Olive,NUSA,41,32,56.16438356164384,False
Olive,Newspaper,46,41,52.87356321839081,False
Olive,OldRusty,28,33,45.90163934426229,False
Olive,Purplestar,48,36,57.14285714285714,False
Olive,Rainbow,29,30,49.152542372881356,False
Olive,Rose,32,31,50.79365079365079,False
Olive,Runic,45,38,54.21686746987952,False
Olive,Snowflake,40,36,52.63157894736842,False
Olive,Sovereign,32,38,45.714285714285715,False
Ophelia,1987,37,29,56.060606060606055,False
Ophelia,7891,46,35,56.79012345679012,False
Ophelia,Arasaka,34,42,44.73684210526316,False
Ophelia,Bamboo,30,39,43.47826086956522,False
Ophelia,Cloud,39,31,55.714285714285715,False
Ophelia,Cosmic,43,42,50.588235294117645,False
Ophelia,Dawn,36,31,53.73134328358209,False
Ophelia,Flute,37,46,44.57831325301205,False
Ophelia,Freight,40,21,65.57377049180327,False
Ophelia,Grassland,39,25,60.9375,False
Ophelia,KangTao,42,33,56.00000000000001,False
Ophelia,Liquidation,28,38,42.42424242424242,False
Ophelia,Militech,31,35,46.96969696969697,False
Ophelia,NUSA,33,42,44.0,False
Ophelia,Newspaper,38,34,52.77777777777778,False
Ophelia,OldRusty,22,33,40.0,False
Ophelia,Purplestar,39,36,52.0,False
Ophelia,Rainbow,52,33,61.1764705882353,False
Ophelia,Rose,39,43,47.5609756097561,False
Ophelia,Runic,35,32,52.23880597014925,False
Ophelia,Snowflake,39,34,53.42465753424658,False
Ophelia,Sovereign,36,30,54.54545454545454,False
Pepper,1987,38,32,54.285714285714285,False
Pepper,7891,45,26,63.38028169014085,False
Pepper,Arasaka,41,32,56.16438356164384,False
Pepper,Bamboo,31,46,40.25974025974026,False
Pepper,Cloud,33,29,53.2258064516129,False
Pepper,Cosmic,36,36,50.0,False
Pepper,Dawn,36,34,51.42857142857142,False
Pepper,Flute,32,41,43.83561643835616,False
Pepper,Freight,30,40,42.857142857142854,False
Pepper,Grassland,28,47,37.333333333333336,False
Pepper,KangTao,30,30,50.0,False
Pepper,Liquidation,48,24,66.66666666666666,False
Pepper,Militech,33,30,52.38095238095239,False
Pepper,NUSA,40,34,54.054054054054056,False
Pepper,Newspaper,38,39,49.35064935064935,False
Pepper,OldRusty,30,36,45.45454545454545,False
Pepper,Purplestar,27,32,45.76271186440678,False
Pepper,Rainbow,34,48,41.46341463414634,False
Pepper,Rose,22,41,34.92063492063492,False
Pepper,Runic,38,39,49.35064935064935,False
Pepper,Snowflake,49,40,55.0561797752809,False
Pepper,Sovereign,23,35,39.6551724137931,False
Pheonix,1987,35,38,47.94520547945205,False
Pheonix,7891,44,26,62.857142857142854,False
Pheonix,Arasaka,44,42,51.162790697674424,False
Pheonix,Bamboo,39,40,49.36708860759494,False
Pheonix,Cloud,29,33,46.774193548387096,False
Pheonix,Cosmic,39,33,54.166666666666664,False
Pheonix,Dawn,36,31,53.73134328358209,False
Pheonix,Flute,44,37,54.32098765432099,False
Pheonix,Freight,35,34,50.72463768115942,False
Pheonix,Grassland,35,35,50.0,False
Pheonix,KangTao,27,35,43.54838709677419,False
Pheonix,Liquidation,55,20,73.33333333333333,False
Pheonix,Militech,36,49,42.35294117647059,False
Pheonix,NUSA,38,29,56.71641791044776,False
Pheonix,Newspaper,32,29,52.459016393442624,False
Pheonix,OldRusty,26,32,44.827586206896555,False
Pheonix,Purplestar,42,31,57.534246575342465,False
Pheonix,Rainbow,28,36,43.75,False
Pheonix,Rose,47,27,63.51351351351351,False
Pheonix,Runic,34,34,50.0,False
Pheonix,Snowflake,41,35,53.94736842105263,False
Pheonix,Sovereign,51,34,60.0,False
Poppy,1987,32,32,50.0,False
Poppy,7891,36,30,54.54545454545454,False
Poppy,Arasaka,42,34,55.26315789473685,False
Poppy,Bamboo,42,32,56.75675675675676,False
Poppy,Cloud,44,37,54.32098765432099,False
Poppy,Cosmic,41,37,52.56410256410257,False
Poppy,Dawn,38,33,53.52112676056338,False
Poppy,Flute,36,42,46.15384615384615,False
Poppy,Freight,37,39,48.68421052631579,False
Poppy,Grassland,31,31,50.0,False
Poppy,KangTao,39,40,49.36708860759494,False
Poppy,Liquidation,44,40,52.38095238095239,False
Poppy,Militech,25,36,40.98360655737705,False
Poppy,NUSA,32,33,49.23076923076923,False
Poppy,Newspaper,43,22,66.15384615384615,False
Poppy,OldRusty,34,38,47.22222222222222,False
Poppy,Purplestar,42,41,50.602409638554214,False
Poppy,Rainbow,24,32,42.857142857142854,False
Poppy,Rose,47,49,48.95833333333333,False
Poppy,Runic,43,30,58.9041095890411,False
Poppy,Snowflake,40,33,54.794520547945204,False
Poppy,Sovereign,30,32,48.38709677419355,False
RavenWB,1987,51,39,56.666666666666664,False
RavenWB,7891,40,31,56.33802816901409,False
RavenWB,Arasaka,23,24,48.93617021276596,False
RavenWB,Bamboo,37,42,46.835443037974684,False
RavenWB,Cloud,46,44,51.11111111111111,False
RavenWB,Cosmic,35,34,50.72463768115942,False
RavenWB,Dawn,22,36,37.93103448275862,False
RavenWB,Flute,42,47,47.19101123595505,False
RavenWB,Freight,15,31,32.608695652173914,False
RavenWB,Grassland,41,29,58.57142857142858,False
RavenWB,KangTao,36,34,51.42857142857142,False
RavenWB,Liquidation,41,42,49.39759036144578,False
RavenWB,Militech,29,45,39.189189189189186,False
RavenWB,NUSA,37,35,51.388888888888886,False
RavenWB,Newspaper,27,25,51.92307692307693,False
RavenWB,OldRusty,20,39,33.89830508474576,False
RavenWB,Purplestar,33,24,57.89473684210527,False
RavenWB,Rainbow,43,32,57.333333333333336,False
RavenWB,Rose,36,36,50.0,False
RavenWB,Runic,41,37,52.56410256410257,False
RavenWB,Snowflake,28,32,46.666666666666664,False
RavenWB,Sovereign,37,23,61.66666666666667,False
Raven,1987,43,38,53.086419753086425,False
Raven,7891,37,34,52.112676056338024,False
Raven,Arasaka,53,38,58.24175824175825,False
Raven,Bamboo,35,31,53.03030303030303,False
Raven,Cloud,47,33,58.75,False
Raven,Cosmic,26,48,35.13513513513514,False
Raven,Dawn,30,35,46.15384615384615,False
Raven,Flute,30,26,53.57142857142857,False
Raven,Freight,28,41,40.57971014492754,False
Raven,Grassland,34,55,38.20224719101123,False
Raven,KangTao,31,37,45.588235294117645,False
Raven,Liquidation,41,31,56.94444444444444,False
Raven,Militech,28,42,40.0,False
Raven,NUSA,37,42,46.835443037974684,False
Raven,Newspaper,29,30,49.152542372881356,False
Raven,OldRusty,24,49,32.87671232876712,False
Raven,Purplestar,40,24,62.5,False
Raven,Rainbow,39,40,49.36708860759494,False
Raven,Rose,33,48,40.74074074074074,False
Raven,Runic,30,35,46.15384615384615,False
Raven,Snowflake,32,33,49.23076923076923,False
Raven,Sovereign,20,45,30.76923076923077,False
Requina,1987,54,35,60.67415730337079,False
Requina,7891,37,21,63.793103448275865,False
Requina,Arasaka,45,24,65.21739130434783,False
Requina,Bamboo,26,34,43.333333333333336,False
Requina,Cloud,41,21,66.12903225806451,False
Requina,Cosmic,32,29,52.459016393442624,False
Requina,Dawn,41,35,53.94736842105263,False
Requina,Flute,35,34,50.72463768115942,False
Requina,Freight,31,34,47.69230769230769,False
Requina,Grassland,33,31,51.5625,False
Requina,KangTao,36,42,46.15384615384615,False
Requina,Liquidation,41,27,60.29411764705882,False
Requina,Militech,42,25,62.68656716417911,False
Requina,NUSA,45,26,63.38028169014085,False
Requina,Newspaper,48,42,53.333333333333336,False
Requina,OldRusty,40,24,62.5,False
Requina,Purplestar,45,38,54.21686746987952,False
Requina,Rainbow,42,24,63.63636363636363,False
Requina,Rose,34,29,53.96825396825397,False
Requina,Runic,57,25,69.51219512195121,False
Requina,Snowflake,42,35,54.54545454545454,False
Requina,Sovereign,44,35,55.69620253164557,False
Roseiri,1987,31,35,46.96969696969697,False
Roseiri,7891,51,33,60.71428571428571,False
Roseiri,Arasaka,48,35,57.831325301204814,False
Roseiri,Bamboo,38,38,50.0,False
Roseiri,Cloud,36,38,48.64864864864865,False
Roseiri,Cosmic,34,34,50.0,False
Roseiri,Dawn,33,37,47.14285714285714,False
Roseiri,Flute,35,33,51.470588235294116,False
Roseiri,Freight,30,48,38.46153846153847,False
Roseiri,Grassland,40,37,51.94805194805194,False
Roseiri,KangTao,34,23,59.64912280701754,False
Roseiri,Liquidation,39,25,60.9375,False
Roseiri,Militech,40,38,51.28205128205128,False
Roseiri,NUSA,44,28,61.111111111111114,False
Roseiri,Newspaper,33,37,47.14285714285714,False
Roseiri,OldRusty,31,29,51.66666666666667,False
Roseiri,Purplestar,34,41,45.33333333333333,False
Roseiri,Rainbow,41,38,51.89873417721519,False
Roseiri,Rose,36,44,45.0,False
Roseiri,Runic,30,31,49.18032786885246,False
Roseiri,Snowflake,33,32,50.76923076923077,False
Roseiri,Sovereign,34,32,51.515151515151516,False
Ruby,1987,31,25,55.35714285714286,False
Ruby,7891,44,22,66.66666666666666,False
Ruby,Arasaka,38,26,59.375,False
Ruby,Bamboo,43,28,60.56338028169014,False
Ruby,Cloud,35,33,51.470588235294116,False
Ruby,Cosmic,35,31,53.03030303030303,False
Ruby,Dawn,45,29,60.810810810810814,False
Ruby,Flute,33,44,42.857142857142854,False
Ruby,Freight,40,31,56.33802816901409,False
Ruby,Grassland,39,27,59.09090909090909,False
Ruby,KangTao,36,28,56.25,False
Ruby,Liquidation,30,30,50.0,False
Ruby,Militech,47,29,61.8421052631579,False
Ruby,NUSA,41,22,65.07936507936508,False
Ruby,Newspaper,51,31,62.19512195121951,False
Ruby,OldRusty,36,32,52.94117647058824,False
Ruby,Purplestar,44,31,58.666666666666664,False
Ruby,Rainbow,61,35,63.541666666666664,False
Ruby,Rose,40,46,46.51162790697674,False
Ruby,Runic,42,23,64.61538461538461,False
Ruby,Snowflake,30,34,46.875,False
Ruby,Sovereign,36,44,45.0,False
Sasaki,1987,40,43,48.19277108433735,False
Sasaki,7891,30,41,42.25352112676056,False
Sasaki,Arasaka,35,27,56.451612903225815,False
Sasaki,Bamboo,31,39,44.285714285714285,False
Sasaki,Cloud,26,42,38.23529411764706,False
Sasaki,Cosmic,30,40,42.857142857142854,False
Sasaki,Dawn,51,28,64.55696202531645,False
Sasaki,Flute,37,38,49.333333333333336,False
Sasaki,Freight,28,41,40.57971014492754,False
Sasaki,Grassland,31,37,45.588235294117645,False
Sasaki,KangTao,45,37,54.87804878048781,False
Sasaki,Liquidation,32,49,39.50617283950617,False
Sasaki,Militech,37,36,50.68493150684932,False
Sasaki,NUSA,46,29,61.33333333333333,False
Sasaki,Newspaper,37,44,45.67901234567901,False
Sasaki,OldRusty,32,33,49.23076923076923,False
Sasaki,Purplestar,48,38,55.81395348837209,False
Sasaki,Rainbow,30,40,42.857142857142854,False
Sasaki,Rose,32,40,44.44444444444444,False
Sasaki,Runic,31,37,45.588235294117645,False
Sasaki,Snowflake,42,32,56.75675675675676,False
Sasaki,Sovereign,35,34,50.72463768115942,False
Scout,1987,42,40,51.21951219512195,False
Scout,7891,40,35,53.333333333333336,False
Scout,Arasaka,38,33,53.52112676056338,False
Scout,Bamboo,38,39,49.35064935064935,False
Scout,Cloud,32,41,43.83561643835616,False
Scout,Cosmic,32,35,47.76119402985074,False
Scout,Dawn,40,26,60.60606060606061,False
Scout,Flute,38,33,53.52112676056338,False
Scout,Freight,26,29,47.27272727272727,False
Scout,Grassland,31,34,47.69230769230769,False
Scout,KangTao,41,33,55.4054054054054,False
Scout,Liquidation,40,25,61.53846153846154,False
Scout,Militech,40,27,59.70149253731343,False
Scout,NUSA,37,43,46.25,False
Scout,Newspaper,43,30,58.9041095890411,False
Scout,OldRusty,33,32,50.76923076923077,False
Scout,Purplestar,38,27,58.46153846153847,False
Scout,Rainbow,39,39,50.0,False
Scout,Rose,37,37,50.0,False
Scout,Runic,44,39,53.01204819277109,False
Scout,Snowflake,41,41,50.0,False
Scout,Sovereign,42,45,48.275862068965516,False
Season,1987,40,42,48.78048780487805,False
Season,7891,36,34,51.42857142857142,False
Season,Arasaka,29,30,49.152542372881356,False
Season,Bamboo,38,39,49.35064935064935,False
Season,Cloud,24,47,33.80281690140845,False
Season,Cosmic,36,27,57.14285714285714,False
Season,Dawn,24,36,40.0,False
Season,Flute,24,35,40.67796610169492,False
Season,Freight,24,24,50.0,False
Season,Grassland,32,37,46.3768115942029,False
Season,KangTao,40,29,57.971014492753625,False
Season,Liquidation,29,34,46.03174603174603,False
Season,Militech,33,41,44.5945945945946,False
Season,NUSA,31,38,44.927536231884055,False
Season,Newspaper,33,38,46.478873239436616,False
Season,OldRusty,36,40,47.368421052631575,False
Season,Purplestar,45,32,58.44155844155844,False
Season,Rainbow,43,32,57.333333333333336,False
Season,Rose,40,36,52.63157894736842,False
Season,Runic,26,28,48.148148148148145,False
Season,Snowflake,25,41,37.878787878787875,False
Season,Sovereign,35,31,53.03030303030303,False
Seth,1987,37,34,52.112676056338024,False
Seth,7891,36,45,44.44444444444444,False
Seth,Arasaka,35,36,49.29577464788733,False
Seth,Bamboo,31,36,46.26865671641791,False
Seth,Cloud,42,39,51.85185185185185,False
Seth,Cosmic,32,40,44.44444444444444,False
Seth,Dawn,39,45,46.42857142857143,False
Seth,Flute,32,24,57.14285714285714,False
Seth,Freight,39,43,47.5609756097561,False
Seth,Grassland,32,34,48.484848484848484,False
Seth,KangTao,38,43,46.913580246913575,False
Seth,Liquidation,42,32,56.75675675675676,False
Seth,Militech,41,27,60.29411764705882,False
Seth,NUSA,38,47,44.70588235294118,False
Seth,Newspaper,28,36,43.75,False
Seth,OldRusty,35,38,47.94520547945205,False
Seth,Purplestar,25,34,42.3728813559322,False
Seth,Rainbow,37,38,49.333333333333336,False
Seth,Rose,35,42,45.45454545454545,False
Seth,Runic,33,33,50.0,False
Seth,Snowflake,27,39,40.909090909090914,False
Seth,Sovereign,40,36,52.63157894736842,False
Sunny,1987,28,32,46.666666666666664,False
Sunny,7891,34,27,55.73770491803278,False
Sunny,Arasaka,29,41,41.42857142857143,False
Sunny,Bamboo,41,29,58.57142857142858,False
Sunny,Cloud,39,28,58.2089552238806,False
Sunny,Cosmic,35,45,43.75,False
Sunny,Dawn,32,38,45.714285714285715,False
Sunny,Flute,37,27,57.8125,False
Sunny,Freight,39,29,57.35294117647059,False
Sunny,Grassland,44,33,57.14285714285714,False
Sunny,KangTao,35,32,52.23880597014925,False
Sunny,Liquidation,33,24,57.89473684210527,False
Sunny,Militech,36,29,55.38461538461539,False
Sunny,NUSA,38,30,55.88235294117647,False
Sunny,Newspaper,32,27,54.23728813559322,False
Sunny,OldRusty,35,35,50.0,False
Sunny,Purplestar,46,23,66.66666666666666,False
Sunny,Rainbow,42,33,56.00000000000001,False
Sunny,Rose,32,41,43.83561643835616,False
Sunny,Runic,49,42,53.84615384615385,False
Sunny,Snowflake,40,30,57.14285714285714,False
Sunny,Sovereign,43,31,58.108108108108105,False
Taily,1987,25,45,35.714285714285715,False
Taily,7891,35,32,52.23880597014925,False
Taily,Arasaka,37,28,56.92307692307692,False
Taily,Bamboo,27,35,43.54838709677419,False
Taily,Cloud,35,35,50.0,False
Taily,Cosmic,37,47,44.047619047619044,False
Taily,Dawn,25,46,35.2112676056338,False
Taily,Flute,26,46,36.11111111111111,False
Taily,Freight,32,42,43.24324324324324,False
Taily,Grassland,37,25,59.67741935483871,False
Taily,KangTao,37,40,48.05194805194805,False
Taily,Liquidation,29,36,44.61538461538462,False
Taily,Militech,17,35,32.69230769230769,False
Taily,NUSA,33,34,49.25373134328358,False
Taily,Newspaper,32,39,45.07042253521127,False
Taily,OldRusty,20,33,37.735849056603776,False
Taily,Purplestar,32,40,44.44444444444444,False
Taily,Rainbow,29,32,47.540983606557376,False
Taily,Rose,30,40,42.857142857142854,False
Taily,Runic,23,30,43.39622641509434,False
Taily,Snowflake,28,37,43.07692307692308,False
Taily,Sovereign,28,38,42.42424242424242,False
Taiyi,1987,40,32,55.55555555555556,False
Taiyi,7891,37,22,62.71186440677966,False
Taiyi,Arasaka,31,27,53.44827586206896,False
Taiyi,Bamboo,40,31,56.33802816901409,False
Taiyi,Cloud,41,35,53.94736842105263,False
Taiyi,Cosmic,31,22,58.490566037735846,False
Taiyi,Dawn,34,29,53.96825396825397,False
Taiyi,Flute,43,31,58.108108108108105,False
Taiyi,Freight,39,33,54.166666666666664,False
Taiyi,Grassland,40,28,58.82352941176471,False
Taiyi,KangTao,32,35,47.76119402985074,False
Taiyi,Liquidation,40,43,48.19277108433735,False
Taiyi,Militech,44,31,58.666666666666664,False
Taiyi,NUSA,42,26,61.76470588235294,False
Taiyi,Newspaper,44,29,60.273972602739725,False
Taiyi,OldRusty,37,28,56.92307692307692,False
Taiyi,Purplestar,36,39,48.0,False
Taiyi,Rainbow,35,34,50.72463768115942,False
Taiyi,Rose,37,39,48.68421052631579,False
Taiyi,Runic,33,35,48.529411764705884,False
Taiyi,Snowflake,37,25,59.67741935483871,False
Taiyi,Sovereign,43,35,55.12820512820513,False
Tian,1987,39,40,49.36708860759494,False
Tian,7891,40,35,53.333333333333336,False
Tian,Arasaka,33,32,50.76923076923077,False
Tian,Bamboo,41,37,52.56410256410257,False
Tian,Cloud,38,41,48.10126582278481,False
Tian,Cosmic,40,40,50.0,False
Tian,Dawn,32,26,55.172413793103445,False
Tian,Flute,37,33,52.85714285714286,False
Tian,Freight,31,28,52.54237288135594,False
Tian,Grassland,50,28,64.1025641025641,False
Tian,KangTao,35,20,63.63636363636363,False
Tian,Liquidation,33,28,54.09836065573771,False
Tian,Militech,38,32,54.285714285714285,False
Tian,NUSA,41,23,64.0625,False
Tian,Newspaper,38,27,58.46153846153847,False
Tian,OldRusty,37,32,53.62318840579711,False
Tian,Purplestar,42,34,55.26315789473685,False
Tian,Rainbow,36,38,48.64864864864865,False
Tian,Rose,35,45,43.75,False
Tian,Runic,37,35,51.388888888888886,False
Tian,Snowflake,33,31,51.5625,False
Tian,Sovereign,42,31,57.534246575342465,False
Timber,1987,36,37,49.31506849315068,False
Timber,7891,34,33,50.74626865671642,False
Timber,Arasaka,33,36,47.82608695652174,False
Timber,Bamboo,27,34,44.26229508196721,False
Timber,Cloud,26,33,44.06779661016949,False
Timber,Cosmic,44,42,51.162790697674424,False
Timber,Dawn,29,33,46.774193548387096,False
Timber,Flute,36,32,52.94117647058824,False
Timber,Freight,31,48,39.24050632911392,False
Timber,Grassland,34,35,49.275362318840585,False
Timber,KangTao,42,44,48.837209302325576,False
Timber,Liquidation,37,40,48.05194805194805,False
Timber,Militech,26,37,41.269841269841265,False
Timber,NUSA,38,37,50.66666666666667,False
Timber,Newspaper,51,32,61.44578313253012,False
Timber,OldRusty,36,36,50.0,False
Timber,Purplestar,41,46,47.12643678160919,False
Timber,Rainbow,36,45,44.44444444444444,False
Timber,Rose,38,47,44.70588235294118,False
Timber,Runic,27,33,45.0,False
Timber,Snowflake,41,46,47.12643678160919,False
Timber,Sovereign,46,34,57.49999999999999,False
Ulric,1987,25,33,43.103448275862064,False
Ulric,7891,34,25,57.6271186440678,False
Ulric,Arasaka,40,35,53.333333333333336,False
Ulric,Bamboo,34,38,47.22222222222222,False
Ulric,Cloud,26,49,34.66666666666667,False
Ulric,Cosmic,39,37,51.31578947368421,False
Ulric,Dawn,29,40,42.028985507246375,False
Ulric,Flute,32,47,40.50632911392405,False
Ulric,Freight,32,36,47.05882352941176,False
Ulric,Grassland,37,38,49.333333333333336,False
Ulric,KangTao,43,35,55.12820512820513,False
Ulric,Liquidation,31,29,51.66666666666667,False
Ulric,Militech,30,38,44.11764705882353,False
Ulric,NUSA,29,33,46.774193548387096,False
Ulric,Newspaper,35,36,49.29577464788733,False
Ulric,OldRusty,26,35,42.62295081967213,False
Ulric,Purplestar,26,37,41.269841269841265,False
Ulric,Rainbow,36,36,50.0,False
Ulric,Rose,38,35,52.054794520547944,False
Ulric,Runic,34,35,49.275362318840585,False
Ulric,Snowflake,33,38,46.478873239436616,False
Ulric,Sovereign,33,40,45.20547945205479,False
Wenyuan,1987,37,45,45.1219512195122,False
Wenyuan,7891,26,48,35.13513513513514,False
Wenyuan,Arasaka,35,34,50.72463768115942,False
Wenyuan,Bamboo,38,31,55.072463768115945,False
Wenyuan,Cloud,33,43,43.42105263157895,False
Wenyuan,Cosmic,39,47,45.348837209302324,False
Wenyuan,Dawn,40,43,48.19277108433735,False
Wenyuan,Flute,31,46,40.25974025974026,False
Wenyuan,Freight,39,34,53.42465753424658,False
Wenyuan,Grassland,19,41,31.666666666666664,False
Wenyuan,KangTao,39,37,51.31578947368421,False
Wenyuan,Liquidation,30,45,40.0,False
Wenyuan,Militech,35,40,46.666666666666664,False
Wenyuan,NUSA,39,33,54.166666666666664,False
Wenyuan,Newspaper,39,34,53.42465753424658,False
Wenyuan,OldRusty,21,37,36.206896551724135,False
Wenyuan,Purplestar,41,35,53.94736842105263,False
Wenyuan,Rainbow,31,28,52.54237288135594,False
Wenyuan,Rose,27,40,40.298507462686565,False
Wenyuan,Runic,36,32,52.94117647058824,False
Wenyuan,Snowflake,31,41,43.05555555555556,False
Wenyuan,Sovereign,42,37,53.16455696202531,False
Xunmu,1987,46,29,61.33333333333333,False
Xunmu,7891,44,31,58.666666666666664,False
Xunmu,Arasaka,48,32,60.0,False
Xunmu,Bamboo,30,31,49.18032786885246,False
Xunmu,Cloud,43,33,56.57894736842105,False
Xunmu,Cosmic,31,33,48.4375,False
Xunmu,Dawn,39,27,59.09090909090909,False
Xunmu,Flute,43,32,57.333333333333336,False
Xunmu,Freight,31,31,50.0,False
Xunmu,Grassland,40,38,51.28205128205128,False
Xunmu,KangTao,37,28,56.92307692307692,False
Xunmu,Liquidation,49,31,61.25000000000001,False
Xunmu,Militech,44,30,59.45945945945946,False
Xunmu,NUSA,49,31,61.25000000000001,False
Xunmu,Newspaper,28,28,50.0,False
Xunmu,OldRusty,38,37,50.66666666666667,False
Xunmu,Purplestar,41,32,56.16438356164384,False
Xunmu,Rainbow,41,31,56.94444444444444,False
Xunmu,Rose,37,21,63.793103448275865,False
Xunmu,Runic,33,35,48.529411764705884,False
Xunmu,Snowflake,24,25,48.97959183673469,False
Xunmu,Sovereign,45,23,66.17647058823529,False
Xunyu,1987,38,28,57.57575757575758,False
Xunyu,7891,40,20,66.66666666666666,False
Xunyu,Arasaka,46,26,63.888888888888886,False
Xunyu,Bamboo,48,27,64.0,False
Xunyu,Cloud,50,26,65.78947368421053,False
Xunyu,Cosmic,46,34,57.49999999999999,False
Xunyu,Dawn,44,27,61.97183098591549,False
Xunyu,Flute,53,33,61.627906976744185,False
Xunyu,Freight,46,28,62.16216216216216,False
Xunyu,Grassland,48,27,64.0,False
Xunyu,KangTao,53,31,63.095238095238095,False
Xunyu,Liquidation,39,34,53.42465753424658,False
Xunyu,Militech,54,22,71.05263157894737,False
Xunyu,NUSA,51,25,67.10526315789474,False
Xunyu,Newspaper,37,34,52.112676056338024,False
Xunyu,OldRusty,51,23,68.91891891891892,False
Xunyu,Purplestar,41,32,56.16438356164384,False
Xunyu,Rainbow,41,35,53.94736842105263,False
Xunyu,Rose,37,23,61.66666666666667,False
Xunyu,Runic,39,23,62.903225806451616,False
Xunyu,Snowflake,49,39,55.68181818181818,False
Xunyu,Sovereign,40,24,62.5,False
Yuri,1987,39,38,50.649350649350644,False
Yuri,7891,30,34,46.875,False
Yuri,Arasaka,44,20,68.75,False
Yuri,Bamboo,27,32,45.76271186440678,False
Yuri,Cloud,38,39,49.35064935064935,False
Yuri,Cosmic,35,31,53.03030303030303,False
Yuri,Dawn,34,25,57.6271186440678,False
Yuri,Flute,37,35,51.388888888888886,False
Yuri,Freight,46,25,64.7887323943662,False
Yuri,Grassland,28,25,52.83018867924528,False
Yuri,KangTao,50,26,65.78947368421053,False
Yuri,Liquidation,39,26,60.0,False
Yuri,Militech,44,27,61.97183098591549,False
Yuri,NUSA,34,36,48.57142857142857,False
Yuri,Newspaper,44,39,53.01204819277109,False
Yuri,OldRusty,40,25,61.53846153846154,False
Yuri,Purplestar,38,43,46.913580246913575,False
Yuri,Rainbow,34,31,52.307692307692314,False
Yuri,Rose,40,33,54.794520547945204,False
Yuri,Runic,26,36,41.935483870967744,False
Yuri,Snowflake,42,41,50.602409638554214,False
Yuri,Sovereign,39,44,46.98795180722892,False
ZedAN,1987,34,45,43.037974683544306,False
ZedAN,7891,38,38,50.0,False
ZedAN,Arasaka,32,39,45.07042253521127,False
ZedAN,Bamboo,34,36,48.57142857142857,False
ZedAN,Cloud,38,28,57.57575757575758,False
ZedAN,Cosmic,39,39,50.0,False
ZedAN,Dawn,39,37,51.31578947368421,False
ZedAN,Flute,27,33,45.0,False
ZedAN,Freight,38,44,46.34146341463415,False
ZedAN,Grassland,39,33,54.166666666666664,False
ZedAN,KangTao,36,30,54.54545454545454,False
ZedAN,Liquidation,56,29,65.88235294117646,False
ZedAN,Militech,35,33,51.470588235294116,False
ZedAN,NUSA,51,28,64.55696202531645,False
ZedAN,Newspaper,45,33,57.692307692307686,False
ZedAN,OldRusty,30,41,42.25352112676056,False
ZedAN,Purplestar,41,32,56.16438356164384,False
ZedAN,Rainbow,39,24,61.904761904761905,False
ZedAN,Rose,31,42,42.465753424657535,False
ZedAN,Runic,44,36,55.00000000000001,False
ZedAN,Snowflake,47,37,55.952380952380956,False
ZedAN,Sovereign,36,38,48.64864864864865,False
Zed,1987,41,49,45.55555555555556,False
Zed,7891,40,35,53.333333333333336,False
Zed,Arasaka,34,41,45.33333333333333,False
Zed,Bamboo,41,26,61.19402985074627,False
Zed,Cloud,43,34,55.84415584415584,False
Zed,Cosmic,33,29,53.2258064516129,False
Zed,Dawn,31,30,50.81967213114754,False
Zed,Flute,38,34,52.77777777777778,False
Zed,Freight,36,31,53.73134328358209,False
Zed,Grassland,41,29,58.57142857142858,False
Zed,KangTao,37,35,51.388888888888886,False
Zed,Liquidation,37,32,53.62318840579711,False
Zed,Militech,31,38,44.927536231884055,False
Zed,NUSA,40,37,51.94805194805194,False
Zed,Newspaper,34,39,46.57534246575342,False
Zed,OldRusty,31,40,43.66197183098591,False
Zed,Purplestar,39,37,51.31578947368421,False
Zed,Rainbow,35,29,54.6875,False
Zed,Rose,35,30,53.84615384615385,False
Zed,Runic,27,41,39.705882352941174,False
Zed,Snowflake,30,36,45.45454545454545,False
Zed,Sovereign,33,40,45.20547945205479,False
Zhen,1987,25,37,40.32258064516129,False
Zhen,7891,46,35,56.79012345679012,False
Zhen,Arasaka,40,43,48.19277108433735,False
Zhen,Bamboo,33,33,50.0,False
Zhen,Cloud,37,43,46.25,False
Zhen,Cosmic,37,31,54.41176470588235,False
Zhen,Dawn,41,38,51.89873417721519,False
Zhen,Flute,46,32,58.97435897435898,False
Zhen,Freight,38,36,51.35135135135135,False
Zhen,Grassland,32,45,41.55844155844156,False
Zhen,KangTao,41,38,51.89873417721519,False
Zhen,Liquidation,30,37,44.776119402985074,False
Zhen,Militech,35,34,50.72463768115942,False
Zhen,NUSA,30,32,48.38709677419355,False
Zhen,Newspaper,36,38,48.64864864864865,False
Zhen,OldRusty,35,27,56.451612903225815,False
Zhen,Purplestar,26,43,37.68115942028986,False
Zhen,Rainbow,33,29,53.2258064516129,False
Zhen,Rose,31,33,48.4375,False
Zhen,Runic,35,38,47.94520547945205,False
Zhen,Snowflake,33,37,47.14285714285714,False
Zhen,Sovereign,33,32,50.76923076923077,False
